Workbook

Sheet merchant_risk_summary
A3: Row Labels | B3: Sum of amount_usd | C3: Count of transaction_id | D3: Sum of high_risk_flag
A4: Alpha Mart | B4: 2.8739496e+08 | C4: 11 | D4: 3
A5: Beta Stores | B5: 2.9327731e+08 | C5: 11 | D5: 5
A6: City Pharma | B6: 7407.4 | C6: 2 | D6: 0
A7: Delta Travels | B7: 14600 | C7: 4 | D7: 1
A8: Eco Home | B8: 8703.71 | C8: 2 | D8: 1
A9: Grand Total | B9: 5.8070298e+08 | C9: 30 | D9: 10

Sheet cleaned_transactions
A1: transaction_id | B1: transaction_date | C1: merchant_name | D1: raw_amount | E1: currency | F1: status | G1: risk_score | H1: gateway_region | I1: user_id | J1: payment_method | K1: clean_merchant | L1: clean_date | M1: clean_status | N1: clean_risk_score | O1: clean_region | P1: amount_usd | Q1: merchant_category | R1: high_value_flag | S1: high_risk_flag
A2: T001 | B2: 46082 | C2: alpha mart | D2: 420000 | E2: INR | F2: captured | G2: score:62 | H2: APAC | I2: U001 | J2: UPI | K2: =TRIM(PROPER(SUBSTITUTE(SUBSTITUTE(C2," "," ")," "," "))) -> Alpha Mart | L2: =TEXT(B2,"YYYY-MM-DD") -> 2026-03-01 | M2: =IF(OR(ISNUMBER(SEARCH("failed",F2)),ISNUMBER(SEARCH("timeout",F2))),"failed_timeout", IF(ISNUMBER(SEARCH("chargeback",F2)),"chargeback", IF(ISNUMBER(SEARCH("captured",F2)),"captured","unknown"))) -> captured | N2: {=IFERROR(VALUE(TRIM(MID(G2,MIN(IFERROR(FIND({0,1,2,3,4,5,6,7,8,9},G2),999)),LEN(G2)))),"")} -> 62 | O2: =IF(H2="","",UPPER(TRIM(H2))) -> APAC | P2: =IFERROR(ROUND(D2/VLOOKUP(E2,Exchange_Rates!$A:$B,2,0),2),"") -> 35294118 | Q2: =IFERROR(VLOOKUP(K2,Merchant_Master!$A:$D,2,0),"Unknown") -> Unknown | R2: =IF(AND(O2="APAC",P2>5000),1, IF(AND(O2="EU",P2>6000),1, IF(AND(O2="US",P2>7000),1,0))) -> 1 | S2: =IF(OR(N2>=70,ISNUMBER(SEARCH("chargeback",M2))),1,0) -> 0
A3: T002 | B3: 46082 | C3: ALPHA MART | D3: 210000 | E3: INR | F3: Captured | G3: 55 | I3: U002 | J3: Card | K3: =TRIM(PROPER(SUBSTITUTE(SUBSTITUTE(C3," "," ")," "," "))) -> Alpha Mart | L3: =TEXT(B3,"YYYY-MM-DD") -> 2026-03-01 | M3: =IF(OR(ISNUMBER(SEARCH("failed",F3)),ISNUMBER(SEARCH("timeout",F3))),"failed_timeout", IF(ISNUMBER(SEARCH("chargeback",F3)),"chargeback", IF(ISNUMBER(SEARCH("captured",F3)),"captured","unknown"))) -> captured | N3: {=IFERROR(VALUE(TRIM(MID(G3,MIN(IFERROR(FIND({0,1,2,3,4,5,6,7,8,9},G3),999)),LEN(G3)))),"")} -> 55 | O3: =IF(H3="","",UPPER(TRIM(H3))) | P3: =IFERROR(ROUND(D3/VLOOKUP(E3,Exchange_Rates!$A:$B,2,0),2),"") -> 17647059 | Q3: =IFERROR(VLOOKUP(K3,Merchant_Master!$A:$D,2,0),"Unknown") -> Unknown | R3: =IF(AND(O3="APAC",P3>5000),1, IF(AND(O3="EU",P3>6000),1, IF(AND(O3="US",P3>7000),1,0))) -> 0 | S3: =IF(OR(N3>=70,ISNUMBER(SEARCH("chargeback",M3))),1,0) -> 0
A4: T003 | B4: 46082 | C4: BETA STORES | D4: 510000 | E4: INR | F4: CAPTURED | G4: 71 | H4: APAC | I4: U003 | J4: NetBanking | K4: =TRIM(PROPER(SUBSTITUTE(SUBSTITUTE(C4," "," ")," "," "))) -> Beta Stores | L4: =TEXT(B4,"YYYY-MM-DD") -> 2026-03-01 | M4: =IF(OR(ISNUMBER(SEARCH("failed",F4)),ISNUMBER(SEARCH("timeout",F4))),"failed_timeout", IF(ISNUMBER(SEARCH("chargeback",F4)),"chargeback", IF(ISNUMBER(SEARCH("captured",F4)),"captured","unknown"))) -> captured | N4: {=IFERROR(VALUE(TRIM(MID(G4,MIN(IFERROR(FIND({0,1,2,3,4,5,6,7,8,9},G4),999)),LEN(G4)))),"")} -> 71 | O4: =IF(H4="","",UPPER(TRIM(H4))) -> APAC | P4: =IFERROR(ROUND(D4/VLOOKUP(E4,Exchange_Rates!$A:$B,2,0),2),"") -> 42857143 | Q4: =IFERROR(VLOOKUP(K4,Merchant_Master!$A:$D,2,0),"Unknown") -> Unknown | R4: =IF(AND(O4="APAC",P4>5000),1, IF(AND(O4="EU",P4>6000),1, IF(AND(O4="US",P4>7000),1,0))) -> 1 | S4: =IF(OR(N4>=70,ISNUMBER(SEARCH("chargeback",M4))),1,0) -> 1
A5: T004 | B5: 46083 | C5: Beta Stores | D5: 160000 | E5: INR | F5: failed e05 timeout | G5: 68 | H5: apac | I5: U004 | J5: Card | K5: =TRIM(PROPER(SUBSTITUTE(SUBSTITUTE(C5," "," ")," "," "))) -> Beta Stores | L5: =TEXT(B5,"YYYY-MM-DD") -> 2026-03-02 | M5: =IF(OR(ISNUMBER(SEARCH("failed",F5)),ISNUMBER(SEARCH("timeout",F5))),"failed_timeout", IF(ISNUMBER(SEARCH("chargeback",F5)),"chargeback", IF(ISNUMBER(SEARCH("captured",F5)),"captured","unknown"))) -> failed_timeout | N5: {=IFERROR(VALUE(TRIM(MID(G5,MIN(IFERROR(FIND({0,1,2,3,4,5,6,7,8,9},G5),999)),LEN(G5)))),"")} -> 68 | O5: =IF(H5="","",UPPER(TRIM(H5))) -> APAC | P5: =IFERROR(ROUND(D5/VLOOKUP(E5,Exchange_Rates!$A:$B,2,0),2),"") -> 13445378 | Q5: =IFERROR(VLOOKUP(K5,Merchant_Master!$A:$D,2,0),"Unknown") -> Unknown | R5: =IF(AND(O5="APAC",P5>5000),1, IF(AND(O5="EU",P5>6000),1, IF(AND(O5="US",P5>7000),1,0))) -> 1 | S5: =IF(OR(N5>=70,ISNUMBER(SEARCH("chargeback",M5))),1,0) -> 0
A6: T005 | B6: 46083 | C6: Alpha Mart | D6: 390000 | E6: INR | F6: CAPTURED | G6: 58 | I6: U001 | J6: UPI | K6: =TRIM(PROPER(SUBSTITUTE(SUBSTITUTE(C6," "," ")," "," "))) -> Alpha Mart | L6: =TEXT(B6,"YYYY-MM-DD") -> 2026-03-02 | M6: =IF(OR(ISNUMBER(SEARCH("failed",F6)),ISNUMBER(SEARCH("timeout",F6))),"failed_timeout", IF(ISNUMBER(SEARCH("chargeback",F6)),"chargeback", IF(ISNUMBER(SEARCH("captured",F6)),"captured","unknown"))) -> captured | N6: {=IFERROR(VALUE(TRIM(MID(G6,MIN(IFERROR(FIND({0,1,2,3,4,5,6,7,8,9},G6),999)),LEN(G6)))),"")} -> 58 | O6: =IF(H6="","",UPPER(TRIM(H6))) | P6: =IFERROR(ROUND(D6/VLOOKUP(E6,Exchange_Rates!$A:$B,2,0),2),"") -> 32773109 | Q6: =IFERROR(VLOOKUP(K6,Merchant_Master!$A:$D,2,0),"Unknown") -> Unknown | R6: =IF(AND(O6="APAC",P6>5000),1, IF(AND(O6="EU",P6>6000),1, IF(AND(O6="US",P6>7000),1,0))) -> 0 | S6: =IF(OR(N6>=70,ISNUMBER(SEARCH("chargeback",M6))),1,0) -> 0
A7: T006 | B7: 46083 | C7: Beta Stores | D7: 275000 | E7: INR | F7: Captured | G7: score:64 | I7: U005 | J7: Wallet | K7: =TRIM(PROPER(SUBSTITUTE(SUBSTITUTE(C7," "," ")," "," "))) -> Beta Stores | L7: =TEXT(B7,"YYYY-MM-DD") -> 2026-03-02 | M7: =IF(OR(ISNUMBER(SEARCH("failed",F7)),ISNUMBER(SEARCH("timeout",F7))),"failed_timeout", IF(ISNUMBER(SEARCH("chargeback",F7)),"chargeback", IF(ISNUMBER(SEARCH("captured",F7)),"captured","unknown"))) -> captured | N7: {=IFERROR(VALUE(TRIM(MID(G7,MIN(IFERROR(FIND({0,1,2,3,4,5,6,7,8,9},G7),999)),LEN(G7)))),"")} -> 64 | O7: =IF(H7="","",UPPER(TRIM(H7))) | P7: =IFERROR(ROUND(D7/VLOOKUP(E7,Exchange_Rates!$A:$B,2,0),2),"") -> 23109244 | Q7: =IFERROR(VLOOKUP(K7,Merchant_Master!$A:$D,2,0),"Unknown") -> Unknown | R7: =IF(AND(O7="APAC",P7>5000),1, IF(AND(O7="EU",P7>6000),1, IF(AND(O7="US",P7>7000),1,0))) -> 0 | S7: =IF(OR(N7>=70,ISNUMBER(SEARCH("chargeback",M7))),1,0) -> 0
A8: T007 | B8: 46083 | C8: Alpha Mart | D8: 450000 | E8: INR | F8: chargeback | G8: risk-83 | H8: APAC | I8: U006 | J8: Card | K8: =TRIM(PROPER(SUBSTITUTE(SUBSTITUTE(C8," "," ")," "," "))) -> Alpha Mart | L8: =TEXT(B8,"YYYY-MM-DD") -> 2026-03-02 | M8: =IF(OR(ISNUMBER(SEARCH("failed",F8)),ISNUMBER(SEARCH("timeout",F8))),"failed_timeout", IF(ISNUMBER(SEARCH("chargeback",F8)),"chargeback", IF(ISNUMBER(SEARCH("captured",F8)),"captured","unknown"))) -> chargeback | N8: {=IFERROR(VALUE(TRIM(MID(G8,MIN(IFERROR(FIND({0,1,2,3,4,5,6,7,8,9},G8),999)),LEN(G8)))),"")} -> 83 | O8: =IF(H8="","",UPPER(TRIM(H8))) -> APAC | P8: =IFERROR(ROUND(D8/VLOOKUP(E8,Exchange_Rates!$A:$B,2,0),2),"") -> 37815126 | Q8: =IFERROR(VLOOKUP(K8,Merchant_Master!$A:$D,2,0),"Unknown") -> Unknown | R8: =IF(AND(O8="APAC",P8>5000),1, IF(AND(O8="EU",P8>6000),1, IF(AND(O8="US",P8>7000),1,0))) -> 1 | S8: =IF(OR(N8>=70,ISNUMBER(SEARCH("chargeback",M8))),1,0) -> 1
A9: T008 | B9: 46084 | C9: BETA STORES | D9: 340000 | E9: INR | F9: Captured | G9: 59 | I9: U007 | J9: UPI | K9: =TRIM(PROPER(SUBSTITUTE(SUBSTITUTE(C9," "," ")," "," "))) -> Beta Stores | L9: =TEXT(B9,"YYYY-MM-DD") -> 2026-03-03 | M9: =IF(OR(ISNUMBER(SEARCH("failed",F9)),ISNUMBER(SEARCH("timeout",F9))),"failed_timeout", IF(ISNUMBER(SEARCH("chargeback",F9)),"chargeback", IF(ISNUMBER(SEARCH("captured",F9)),"captured","unknown"))) -> captured | N9: {=IFERROR(VALUE(TRIM(MID(G9,MIN(IFERROR(FIND({0,1,2,3,4,5,6,7,8,9},G9),999)),LEN(G9)))),"")} -> 59 | O9: =IF(H9="","",UPPER(TRIM(H9))) | P9: =IFERROR(ROUND(D9/VLOOKUP(E9,Exchange_Rates!$A:$B,2,0),2),"") -> 28571429 | Q9: =IFERROR(VLOOKUP(K9,Merchant_Master!$A:$D,2,0),"Unknown") -> Unknown | R9: =IF(AND(O9="APAC",P9>5000),1, IF(AND(O9="EU",P9>6000),1, IF(AND(O9="US",P9>7000),1,0))) -> 0 | S9: =IF(OR(N9>=70,ISNUMBER(SEARCH("chargeback",M9))),1,0) -> 0
A10: T009 | B10: 46084 | C10: Alpha Mart | D10: 125000 | E10: INR | F10: captured | G10: 46 | H10: APAC | I10: U002 | J10: Wallet | K10: =TRIM(PROPER(SUBSTITUTE(SUBSTITUTE(C10," "," ")," "," "))) -> Alpha Mart | L10: =TEXT(B10,"YYYY-MM-DD") -> 2026-03-03 | M10: =IF(OR(ISNUMBER(SEARCH("failed",F10)),ISNUMBER(SEARCH("timeout",F10))),"failed_timeout", IF(ISNUMBER(SEARCH("chargeback",F10)),"chargeback", IF(ISNUMBER(SEARCH("captured",F10)),"captured","unknown"))) -> captured | N10: {=IFERROR(VALUE(TRIM(MID(G10,MIN(IFERROR(FIND({0,1,2,3,4,5,6,7,8,9},G10),999)),LEN(G10)))),"")} -> 46 | O10: =IF(H10="","",UPPER(TRIM(H10))) -> APAC | P10: =IFERROR(ROUND(D10/VLOOKUP(E10,Exchange_Rates!$A:$B,2,0),2),"") -> 10504202 | Q10: =IFERROR(VLOOKUP(K10,Merchant_Master!$A:$D,2,0),"Unknown") -> Unknown | R10: =IF(AND(O10="APAC",P10>5000),1, IF(AND(O10="EU",P10>6000),1, IF(AND(O10="US",P10>7000),1,0))) -> 1 | S10: =IF(OR(N10>=70,ISNUMBER(SEARCH("chargeback",M10))),1,0) -> 0
A11: T010 | B11: 46084 | C11: Beta Stores | D11: 610000 | E11: INR | F11: captured | G11: risk-77 | I11: U003 | J11: Card | K11: =TRIM(PROPER(SUBSTITUTE(SUBSTITUTE(C11," "," ")," "," "))) -> Beta Stores | L11: =TEXT(B11,"YYYY-MM-DD") -> 2026-03-03 | M11: =IF(OR(ISNUMBER(SEARCH("failed",F11)),ISNUMBER(SEARCH("timeout",F11))),"failed_timeout", IF(ISNUMBER(SEARCH("chargeback",F11)),"chargeback", IF(ISNUMBER(SEARCH("captured",F11)),"captured","unknown"))) -> captured | N11: {=IFERROR(VALUE(TRIM(MID(G11,MIN(IFERROR(FIND({0,1,2,3,4,5,6,7,8,9},G11),999)),LEN(G11)))),"")} -> 77 | O11: =IF(H11="","",UPPER(TRIM(H11))) | P11: =IFERROR(ROUND(D11/VLOOKUP(E11,Exchange_Rates!$A:$B,2,0),2),"") -> 51260504 | Q11: =IFERROR(VLOOKUP(K11,Merchant_Master!$A:$D,2,0),"Unknown") -> Unknown | R11: =IF(AND(O11="APAC",P11>5000),1, IF(AND(O11="EU",P11>6000),1, IF(AND(O11="US",P11>7000),1,0))) -> 0 | S11: =IF(OR(N11>=70,ISNUMBER(SEARCH("chargeback",M11))),1,0) -> 1
A12: T011 | B12: 46084 | C12: Alpha Mart | D12: 195000 | E12: INR | F12: FAILED e05 TIMEOUT | I12: U008 | J12: UPI | K12: =TRIM(PROPER(SUBSTITUTE(SUBSTITUTE(C12," "," ")," "," "))) -> Alpha Mart | L12: =TEXT(B12,"YYYY-MM-DD") -> 2026-03-03 | M12: =IF(OR(ISNUMBER(SEARCH("failed",F12)),ISNUMBER(SEARCH("timeout",F12))),"failed_timeout", IF(ISNUMBER(SEARCH("chargeback",F12)),"chargeback", IF(ISNUMBER(SEARCH("captured",F12)),"captured","unknown"))) -> failed_timeout | N12: {=IFERROR(VALUE(TRIM(MID(G12,MIN(IFERROR(FIND({0,1,2,3,4,5,6,7,8,9},G12),999)),LEN(G12)))),"")} | O12: =IF(H12="","",UPPER(TRIM(H12))) | P12: =IFERROR(ROUND(D12/VLOOKUP(E12,Exchange_Rates!$A:$B,2,0),2),"") -> 16386555 | Q12: =IFERROR(VLOOKUP(K12,Merchant_Master!$A:$D,2,0),"Unknown") -> Unknown | R12: =IF(AND(O12="APAC",P12>5000),1, IF(AND(O12="EU",P12>6000),1, IF(AND(O12="US",P12>7000),1,0))) -> 0 | S12: =IF(OR(N12>=70,ISNUMBER(SEARCH("chargeback",M12))),1,0) -> 1
A13: T012 | B13: 46085 | C13: Beta Stores | D13: 250000 | E13: INR | F13: captured | G13: risk-61 | H13: APAC | I13: U009 | J13: Card | K13: =TRIM(PROPER(SUBSTITUTE(SUBSTITUTE(C13," "," ")," "," "))) -> Beta Stores | L13: =TEXT(B13,"YYYY-MM-DD") -> 2026-03-04 | M13: =IF(OR(ISNUMBER(SEARCH("failed",F13)),ISNUMBER(SEARCH("timeout",F13))),"failed_timeout", IF(ISNUMBER(SEARCH("chargeback",F13)),"chargeback", IF(ISNUMBER(SEARCH("captured",F13)),"captured","unknown"))) -> captured | N13: {=IFERROR(VALUE(TRIM(MID(G13,MIN(IFERROR(FIND({0,1,2,3,4,5,6,7,8,9},G13),999)),LEN(G13)))),"")} -> 61 | O13: =IF(H13="","",UPPER(TRIM(H13))) -> APAC | P13: =IFERROR(ROUND(D13/VLOOKUP(E13,Exchange_Rates!$A:$B,2,0),2),"") -> 21008403 | Q13: =IFERROR(VLOOKUP(K13,Merchant_Master!$A:$D,2,0),"Unknown") -> Unknown | R13: =IF(AND(O13="APAC",P13>5000),1, IF(AND(O13="EU",P13>6000),1, IF(AND(O13="US",P13>7000),1,0))) -> 1 | S13: =IF(OR(N13>=70,ISNUMBER(SEARCH("chargeback",M13))),1,0) -> 0
A14: T013 | B14: 46085 | C14: alpha mart | D14: 310000 | E14: INR | F14: captured | G14: score:54 | H14: APAC | I14: U010 | J14: UPI | K14: =TRIM(PROPER(SUBSTITUTE(SUBSTITUTE(C14," "," ")," "," "))) -> Alpha Mart | L14: =TEXT(B14,"YYYY-MM-DD") -> 2026-03-04 | M14: =IF(OR(ISNUMBER(SEARCH("failed",F14)),ISNUMBER(SEARCH("timeout",F14))),"failed_timeout", IF(ISNUMBER(SEARCH("chargeback",F14)),"chargeback", IF(ISNUMBER(SEARCH("captured",F14)),"captured","unknown"))) -> captured | N14: {=IFERROR(VALUE(TRIM(MID(G14,MIN(IFERROR(FIND({0,1,2,3,4,5,6,7,8,9},G14),999)),LEN(G14)))),"")} -> 54 | O14: =IF(H14="","",UPPER(TRIM(H14))) -> APAC | P14: =IFERROR(ROUND(D14/VLOOKUP(E14,Exchange_Rates!$A:$B,2,0),2),"") -> 26050420 | Q14: =IFERROR(VLOOKUP(K14,Merchant_Master!$A:$D,2,0),"Unknown") -> Unknown | R14: =IF(AND(O14="APAC",P14>5000),1, IF(AND(O14="EU",P14>6000),1, IF(AND(O14="US",P14>7000),1,0))) -> 1 | S14: =IF(OR(N14>=70,ISNUMBER(SEARCH("chargeback",M14))),1,0) -> 0
A15: T014 | B15: 46085 | C15: Beta Stores | D15: 470000 | E15: INR | F15: captured | G15: risk-73 | H15: APAC | I15: U001 | J15: NetBanking | K15: =TRIM(PROPER(SUBSTITUTE(SUBSTITUTE(C15," "," ")," "," "))) -> Beta Stores | L15: =TEXT(B15,"YYYY-MM-DD") -> 2026-03-04 | M15: =IF(OR(ISNUMBER(SEARCH("failed",F15)),ISNUMBER(SEARCH("timeout",F15))),"failed_timeout", IF(ISNUMBER(SEARCH("chargeback",F15)),"chargeback", IF(ISNUMBER(SEARCH("captured",F15)),"captured","unknown"))) -> captured | N15: {=IFERROR(VALUE(TRIM(MID(G15,MIN(IFERROR(FIND({0,1,2,3,4,5,6,7,8,9},G15),999)),LEN(G15)))),"")} -> 73 | O15: =IF(H15="","",UPPER(TRIM(H15))) -> APAC | P15: =IFERROR(ROUND(D15/VLOOKUP(E15,Exchange_Rates!$A:$B,2,0),2),"") -> 39495798 | Q15: =IFERROR(VLOOKUP(K15,Merchant_Master!$A:$D,2,0),"Unknown") -> Unknown | R15: =IF(AND(O15="APAC",P15>5000),1, IF(AND(O15="EU",P15>6000),1, IF(AND(O15="US",P15>7000),1,0))) -> 1 | S15: =IF(OR(N15>=70,ISNUMBER(SEARCH("chargeback",M15))),1,0) -> 1
A16: T015 | B16: 46085 | C16: Alpha Mart | D16: 130000 | E16: INR | F16: captured | G16: score:52 | I16: U002 | J16: Card | K16: =TRIM(PROPER(SUBSTITUTE(SUBSTITUTE(C16," "," ")," "," "))) -> Alpha Mart | L16: =TEXT(B16,"YYYY-MM-DD") -> 2026-03-04 | M16: =IF(OR(ISNUMBER(SEARCH("failed",F16)),ISNUMBER(SEARCH("timeout",F16))),"failed_timeout", IF(ISNUMBER(SEARCH("chargeback",F16)),"chargeback", IF(ISNUMBER(SEARCH("captured",F16)),"captured","unknown"))) -> captured | N16: {=IFERROR(VALUE(TRIM(MID(G16,MIN(IFERROR(FIND({0,1,2,3,4,5,6,7,8,9},G16),999)),LEN(G16)))),"")} -> 52 | O16: =IF(H16="","",UPPER(TRIM(H16))) | P16: =IFERROR(ROUND(D16/VLOOKUP(E16,Exchange_Rates!$A:$B,2,0),2),"") -> 10924370 | Q16: =IFERROR(VLOOKUP(K16,Merchant_Master!$A:$D,2,0),"Unknown") -> Unknown | R16: =IF(AND(O16="APAC",P16>5000),1, IF(AND(O16="EU",P16>6000),1, IF(AND(O16="US",P16>7000),1,0))) -> 0 | S16: =IF(OR(N16>=70,ISNUMBER(SEARCH("chargeback",M16))),1,0) -> 0
A17: T016 | B17: 46086 | C17: Beta Stores | D17: 220000 | E17: INR | F17: failed E05 timeout | G17: risk-69 | I17: U008 | J17: Card | K17: =TRIM(PROPER(SUBSTITUTE(SUBSTITUTE(C17," "," ")," "," "))) -> Beta Stores | L17: =TEXT(B17,"YYYY-MM-DD") -> 2026-03-05 | M17: =IF(OR(ISNUMBER(SEARCH("failed",F17)),ISNUMBER(SEARCH("timeout",F17))),"failed_timeout", IF(ISNUMBER(SEARCH("chargeback",F17)),"chargeback", IF(ISNUMBER(SEARCH("captured",F17)),"captured","unknown"))) -> failed_timeout | N17: {=IFERROR(VALUE(TRIM(MID(G17,MIN(IFERROR(FIND({0,1,2,3,4,5,6,7,8,9},G17),999)),LEN(G17)))),"")} -> 69 | O17: =IF(H17="","",UPPER(TRIM(H17))) | P17: =IFERROR(ROUND(D17/VLOOKUP(E17,Exchange_Rates!$A:$B,2,0),2),"") -> 18487395 | Q17: =IFERROR(VLOOKUP(K17,Merchant_Master!$A:$D,2,0),"Unknown") -> Unknown | R17: =IF(AND(O17="APAC",P17>5000),1, IF(AND(O17="EU",P17>6000),1, IF(AND(O17="US",P17>7000),1,0))) -> 0 | S17: =IF(OR(N17>=70,ISNUMBER(SEARCH("chargeback",M17))),1,0) -> 0
A18: T017 | B18: 46086 | C18: Beta Stores | D18: 180000 | E18: INR | F18: Failed E05 Timeout | G18: score:72 | H18: apac | I18: U008 | J18: Card | K18: =TRIM(PROPER(SUBSTITUTE(SUBSTITUTE(C18," "," ")," "," "))) -> Beta Stores | L18: =TEXT(B18,"YYYY-MM-DD") -> 2026-03-05 | M18: =IF(OR(ISNUMBER(SEARCH("failed",F18)),ISNUMBER(SEARCH("timeout",F18))),"failed_timeout", IF(ISNUMBER(SEARCH("chargeback",F18)),"chargeback", IF(ISNUMBER(SEARCH("captured",F18)),"captured","unknown"))) -> failed_timeout | N18: {=IFERROR(VALUE(TRIM(MID(G18,MIN(IFERROR(FIND({0,1,2,3,4,5,6,7,8,9},G18),999)),LEN(G18)))),"")} -> 72 | O18: =IF(H18="","",UPPER(TRIM(H18))) -> APAC | P18: =IFERROR(ROUND(D18/VLOOKUP(E18,Exchange_Rates!$A:$B,2,0),2),"") -> 15126050 | Q18: =IFERROR(VLOOKUP(K18,Merchant_Master!$A:$D,2,0),"Unknown") -> Unknown | R18: =IF(AND(O18="APAC",P18>5000),1, IF(AND(O18="EU",P18>6000),1, IF(AND(O18="US",P18>7000),1,0))) -> 1 | S18: =IF(OR(N18>=70,ISNUMBER(SEARCH("chargeback",M18))),1,0) -> 1
A19: T018 | B19: 46086 | C19: BETA STORES | D19: 145000 | E19: INR | F19: chargeback | G19: risk-86 | H19: APAC | I19: U008 | J19: UPI | K19: =TRIM(PROPER(SUBSTITUTE(SUBSTITUTE(C19," "," ")," "," "))) -> Beta Stores | L19: =TEXT(B19,"YYYY-MM-DD") -> 2026-03-05 | M19: =IF(OR(ISNUMBER(SEARCH("failed",F19)),ISNUMBER(SEARCH("timeout",F19))),"failed_timeout", IF(ISNUMBER(SEARCH("chargeback",F19)),"chargeback", IF(ISNUMBER(SEARCH("captured",F19)),"captured","unknown"))) -> chargeback | N19: {=IFERROR(VALUE(TRIM(MID(G19,MIN(IFERROR(FIND({0,1,2,3,4,5,6,7,8,9},G19),999)),LEN(G19)))),"")} -> 86 | O19: =IF(H19="","",UPPER(TRIM(H19))) -> APAC | P19: =IFERROR(ROUND(D19/VLOOKUP(E19,Exchange_Rates!$A:$B,2,0),2),"") -> 12184874 | Q19: =IFERROR(VLOOKUP(K19,Merchant_Master!$A:$D,2,0),"Unknown") -> Unknown | R19: =IF(AND(O19="APAC",P19>5000),1, IF(AND(O19="EU",P19>6000),1, IF(AND(O19="US",P19>7000),1,0))) -> 1 | S19: =IF(OR(N19>=70,ISNUMBER(SEARCH("chargeback",M19))),1,0) -> 1
A20: T019 | B20: 46086 | C20: Alpha Mart | D20: 260000 | E20: INR | F20: Failed E05 Timeout | G20: score:67 | H20: apac | I20: U008 | J20: Wallet | K20: =TRIM(PROPER(SUBSTITUTE(SUBSTITUTE(C20," "," ")," "," "))) -> Alpha Mart | L20: =TEXT(B20,"YYYY-MM-DD") -> 2026-03-05 | M20: =IF(OR(ISNUMBER(SEARCH("failed",F20)),ISNUMBER(SEARCH("timeout",F20))),"failed_timeout", IF(ISNUMBER(SEARCH("chargeback",F20)),"chargeback", IF(ISNUMBER(SEARCH("captured",F20)),"captured","unknown"))) -> failed_timeout | N20: {=IFERROR(VALUE(TRIM(MID(G20,MIN(IFERROR(FIND({0,1,2,3,4,5,6,7,8,9},G20),999)),LEN(G20)))),"")} -> 67 | O20: =IF(H20="","",UPPER(TRIM(H20))) -> APAC | P20: =IFERROR(ROUND(D20/VLOOKUP(E20,Exchange_Rates!$A:$B,2,0),2),"") -> 21848740 | Q20: =IFERROR(VLOOKUP(K20,Merchant_Master!$A:$D,2,0),"Unknown") -> Unknown | R20: =IF(AND(O20="APAC",P20>5000),1, IF(AND(O20="EU",P20>6000),1, IF(AND(O20="US",P20>7000),1,0))) -> 1 | S20: =IF(OR(N20>=70,ISNUMBER(SEARCH("chargeback",M20))),1,0) -> 0
A21: T020 | B21: 46086 | C21: Alpha Mart | D21: 520000 | E21: INR | F21: Captured | G21: 75 | H21: APAC | I21: U005 | J21: UPI | K21: =TRIM(PROPER(SUBSTITUTE(SUBSTITUTE(C21," "," ")," "," "))) -> Alpha Mart | L21: =TEXT(B21,"YYYY-MM-DD") -> 2026-03-05 | M21: =IF(OR(ISNUMBER(SEARCH("failed",F21)),ISNUMBER(SEARCH("timeout",F21))),"failed_timeout", IF(ISNUMBER(SEARCH("chargeback",F21)),"chargeback", IF(ISNUMBER(SEARCH("captured",F21)),"captured","unknown"))) -> captured | N21: {=IFERROR(VALUE(TRIM(MID(G21,MIN(IFERROR(FIND({0,1,2,3,4,5,6,7,8,9},G21),999)),LEN(G21)))),"")} -> 75 | O21: =IF(H21="","",UPPER(TRIM(H21))) -> APAC | P21: =IFERROR(ROUND(D21/VLOOKUP(E21,Exchange_Rates!$A:$B,2,0),2),"") -> 43697479 | Q21: =IFERROR(VLOOKUP(K21,Merchant_Master!$A:$D,2,0),"Unknown") -> Unknown | R21: =IF(AND(O21="APAC",P21>5000),1, IF(AND(O21="EU",P21>6000),1, IF(AND(O21="US",P21>7000),1,0))) -> 1 | S21: =IF(OR(N21>=70,ISNUMBER(SEARCH("chargeback",M21))),1,0) -> 1
A22: T021 | B22: 46087 | C22: beta stores | D22: 330000 | E22: INR | F22: captured | G22: score:63 | I22: U006 | J22: Card | K22: =TRIM(PROPER(SUBSTITUTE(SUBSTITUTE(C22," "," ")," "," "))) -> Beta Stores | L22: =TEXT(B22,"YYYY-MM-DD") -> 2026-03-06 | M22: =IF(OR(ISNUMBER(SEARCH("failed",F22)),ISNUMBER(SEARCH("timeout",F22))),"failed_timeout", IF(ISNUMBER(SEARCH("chargeback",F22)),"chargeback", IF(ISNUMBER(SEARCH("captured",F22)),"captured","unknown"))) -> captured | N22: {=IFERROR(VALUE(TRIM(MID(G22,MIN(IFERROR(FIND({0,1,2,3,4,5,6,7,8,9},G22),999)),LEN(G22)))),"")} -> 63 | O22: =IF(H22="","",UPPER(TRIM(H22))) | P22: =IFERROR(ROUND(D22/VLOOKUP(E22,Exchange_Rates!$A:$B,2,0),2),"") -> 27731092 | Q22: =IFERROR(VLOOKUP(K22,Merchant_Master!$A:$D,2,0),"Unknown") -> Unknown | R22: =IF(AND(O22="APAC",P22>5000),1, IF(AND(O22="EU",P22>6000),1, IF(AND(O22="US",P22>7000),1,0))) -> 0 | S22: =IF(OR(N22>=70,ISNUMBER(SEARCH("chargeback",M22))),1,0) -> 0
A23: T022 | B23: 46087 | C23: ALPHA MART | D23: 410000 | E23: INR | F23: captured | G23: 60 | H23: APAC | I23: U007 | J23: UPI | K23: =TRIM(PROPER(SUBSTITUTE(SUBSTITUTE(C23," "," ")," "," "))) -> Alpha Mart | L23: =TEXT(B23,"YYYY-MM-DD") -> 2026-03-06 | M23: =IF(OR(ISNUMBER(SEARCH("failed",F23)),ISNUMBER(SEARCH("timeout",F23))),"failed_timeout", IF(ISNUMBER(SEARCH("chargeback",F23)),"chargeback", IF(ISNUMBER(SEARCH("captured",F23)),"captured","unknown"))) -> captured | N23: {=IFERROR(VALUE(TRIM(MID(G23,MIN(IFERROR(FIND({0,1,2,3,4,5,6,7,8,9},G23),999)),LEN(G23)))),"")} -> 60 | O23: =IF(H23="","",UPPER(TRIM(H23))) -> APAC | P23: =IFERROR(ROUND(D23/VLOOKUP(E23,Exchange_Rates!$A:$B,2,0),2),"") -> 34453782 | Q23: =IFERROR(VLOOKUP(K23,Merchant_Master!$A:$D,2,0),"Unknown") -> Unknown | R23: =IF(AND(O23="APAC",P23>5000),1, IF(AND(O23="EU",P23>6000),1, IF(AND(O23="US",P23>7000),1,0))) -> 1 | S23: =IF(OR(N23>=70,ISNUMBER(SEARCH("chargeback",M23))),1,0) -> 0
A24: T023 | B24: 46082 | C24: City Pharma | D24: 5200 | E24: EUR | F24: Captured | G24: 42 | H24: EU | I24: U003 | J24: Card | K24: =TRIM(PROPER(SUBSTITUTE(SUBSTITUTE(C24," "," ")," "," "))) -> City Pharma | L24: =TEXT(B24,"YYYY-MM-DD") -> 2026-03-01 | M24: =IF(OR(ISNUMBER(SEARCH("failed",F24)),ISNUMBER(SEARCH("timeout",F24))),"failed_timeout", IF(ISNUMBER(SEARCH("chargeback",F24)),"chargeback", IF(ISNUMBER(SEARCH("captured",F24)),"captured","unknown"))) -> captured | N24: {=IFERROR(VALUE(TRIM(MID(G24,MIN(IFERROR(FIND({0,1,2,3,4,5,6,7,8,9},G24),999)),LEN(G24)))),"")} -> 42 | O24: =IF(H24="","",UPPER(TRIM(H24))) -> EU | P24: =IFERROR(ROUND(D24/VLOOKUP(E24,Exchange_Rates!$A:$B,2,0),2),"") -> 4814.81 | Q24: =IFERROR(VLOOKUP(K24,Merchant_Master!$A:$D,2,0),"Unknown") -> Unknown | R24: =IF(AND(O24="APAC",P24>5000),1, IF(AND(O24="EU",P24>6000),1, IF(AND(O24="US",P24>7000),1,0))) -> 0 | S24: =IF(OR(N24>=70,ISNUMBER(SEARCH("chargeback",M24))),1,0) -> 0
A25: T024 | B25: 46083 | C25: Eco Home | D25: 6100 | E25: EUR | F25: chargeback | G25: score:65 | H25: EU | I25: U004 | J25: Card | K25: =TRIM(PROPER(SUBSTITUTE(SUBSTITUTE(C25," "," ")," "," "))) -> Eco Home | L25: =TEXT(B25,"YYYY-MM-DD") -> 2026-03-02 | M25: =IF(OR(ISNUMBER(SEARCH("failed",F25)),ISNUMBER(SEARCH("timeout",F25))),"failed_timeout", IF(ISNUMBER(SEARCH("chargeback",F25)),"chargeback", IF(ISNUMBER(SEARCH("captured",F25)),"captured","unknown"))) -> chargeback | N25: {=IFERROR(VALUE(TRIM(MID(G25,MIN(IFERROR(FIND({0,1,2,3,4,5,6,7,8,9},G25),999)),LEN(G25)))),"")} -> 65 | O25: =IF(H25="","",UPPER(TRIM(H25))) -> EU | P25: =IFERROR(ROUND(D25/VLOOKUP(E25,Exchange_Rates!$A:$B,2,0),2),"") -> 5648.15 | Q25: =IFERROR(VLOOKUP(K25,Merchant_Master!$A:$D,2,0),"Unknown") -> Unknown | R25: =IF(AND(O25="APAC",P25>5000),1, IF(AND(O25="EU",P25>6000),1, IF(AND(O25="US",P25>7000),1,0))) -> 0 | S25: =IF(OR(N25>=70,ISNUMBER(SEARCH("chargeback",M25))),1,0) -> 1
A26: T025 | B26: 46084 | C26: City Pharma | D26: 2800 | E26: EUR | F26: captured | G26: 38 | H26: eu | I26: U005 | J26: Wallet | K26: =TRIM(PROPER(SUBSTITUTE(SUBSTITUTE(C26," "," ")," "," "))) -> City Pharma | L26: =TEXT(B26,"YYYY-MM-DD") -> 2026-03-03 | M26: =IF(OR(ISNUMBER(SEARCH("failed",F26)),ISNUMBER(SEARCH("timeout",F26))),"failed_timeout", IF(ISNUMBER(SEARCH("chargeback",F26)),"chargeback", IF(ISNUMBER(SEARCH("captured",F26)),"captured","unknown"))) -> captured | N26: {=IFERROR(VALUE(TRIM(MID(G26,MIN(IFERROR(FIND({0,1,2,3,4,5,6,7,8,9},G26),999)),LEN(G26)))),"")} -> 38 | O26: =IF(H26="","",UPPER(TRIM(H26))) -> EU | P26: =IFERROR(ROUND(D26/VLOOKUP(E26,Exchange_Rates!$A:$B,2,0),2),"") -> 2592.59 | Q26: =IFERROR(VLOOKUP(K26,Merchant_Master!$A:$D,2,0),"Unknown") -> Unknown | R26: =IF(AND(O26="APAC",P26>5000),1, IF(AND(O26="EU",P26>6000),1, IF(AND(O26="US",P26>7000),1,0))) -> 0 | S26: =IF(OR(N26>=70,ISNUMBER(SEARCH("chargeback",M26))),1,0) -> 0
A27: T026 | B27: 46086 | C27: Eco Home | D27: 3300 | E27: EUR | F27: Failed E05 Timeout | G27: 44 | H27: EU | I27: U006 | J27: NetBanking | K27: =TRIM(PROPER(SUBSTITUTE(SUBSTITUTE(C27," "," ")," "," "))) -> Eco Home | L27: =TEXT(B27,"YYYY-MM-DD") -> 2026-03-05 | M27: =IF(OR(ISNUMBER(SEARCH("failed",F27)),ISNUMBER(SEARCH("timeout",F27))),"failed_timeout", IF(ISNUMBER(SEARCH("chargeback",F27)),"chargeback", IF(ISNUMBER(SEARCH("captured",F27)),"captured","unknown"))) -> failed_timeout | N27: {=IFERROR(VALUE(TRIM(MID(G27,MIN(IFERROR(FIND({0,1,2,3,4,5,6,7,8,9},G27),999)),LEN(G27)))),"")} -> 44 | O27: =IF(H27="","",UPPER(TRIM(H27))) -> EU | P27: =IFERROR(ROUND(D27/VLOOKUP(E27,Exchange_Rates!$A:$B,2,0),2),"") -> 3055.56 | Q27: =IFERROR(VLOOKUP(K27,Merchant_Master!$A:$D,2,0),"Unknown") -> Unknown | R27: =IF(AND(O27="APAC",P27>5000),1, IF(AND(O27="EU",P27>6000),1, IF(AND(O27="US",P27>7000),1,0))) -> 0 | S27: =IF(OR(N27>=70,ISNUMBER(SEARCH("chargeback",M27))),1,0) -> 0
A28: T027 | B28: 46082 | C28: DELTA TRAVELS | D28: 7200 | E28: USD | F28: captured | G28: 49 | H28: us | I28: U007 | J28: Card | K28: =TRIM(PROPER(SUBSTITUTE(SUBSTITUTE(C28," "," ")," "," "))) -> Delta Travels | L28: =TEXT(B28,"YYYY-MM-DD") -> 2026-03-01 | M28: =IF(OR(ISNUMBER(SEARCH("failed",F28)),ISNUMBER(SEARCH("timeout",F28))),"failed_timeout", IF(ISNUMBER(SEARCH("chargeback",F28)),"chargeback", IF(ISNUMBER(SEARCH("captured",F28)),"captured","unknown"))) -> captured | N28: {=IFERROR(VALUE(TRIM(MID(G28,MIN(IFERROR(FIND({0,1,2,3,4,5,6,7,8,9},G28),999)),LEN(G28)))),"")} -> 49 | O28: =IF(H28="","",UPPER(TRIM(H28))) -> US | P28: =IFERROR(ROUND(D28/VLOOKUP(E28,Exchange_Rates!$A:$B,2,0),2),"") -> 7200 | Q28: =IFERROR(VLOOKUP(K28,Merchant_Master!$A:$D,2,0),"Unknown") -> Unknown | R28: =IF(AND(O28="APAC",P28>5000),1, IF(AND(O28="EU",P28>6000),1, IF(AND(O28="US",P28>7000),1,0))) -> 1 | S28: =IF(OR(N28>=70,ISNUMBER(SEARCH("chargeback",M28))),1,0) -> 0
A29: T028 | B29: 46083 | C29: Delta Travels | D29: 3100 | E29: USD | F29: CAPTURED | G29: risk-41 | H29: US | I29: U008 | J29: Card | K29: =TRIM(PROPER(SUBSTITUTE(SUBSTITUTE(C29," "," ")," "," "))) -> Delta Travels | L29: =TEXT(B29,"YYYY-MM-DD") -> 2026-03-02 | M29: =IF(OR(ISNUMBER(SEARCH("failed",F29)),ISNUMBER(SEARCH("timeout",F29))),"failed_timeout", IF(ISNUMBER(SEARCH("chargeback",F29)),"chargeback", IF(ISNUMBER(SEARCH("captured",F29)),"captured","unknown"))) -> captured | N29: {=IFERROR(VALUE(TRIM(MID(G29,MIN(IFERROR(FIND({0,1,2,3,4,5,6,7,8,9},G29),999)),LEN(G29)))),"")} -> 41 | O29: =IF(H29="","",UPPER(TRIM(H29))) -> US | P29: =IFERROR(ROUND(D29/VLOOKUP(E29,Exchange_Rates!$A:$B,2,0),2),"") -> 3100 | Q29: =IFERROR(VLOOKUP(K29,Merchant_Master!$A:$D,2,0),"Unknown") -> Unknown | R29: =IF(AND(O29="APAC",P29>5000),1, IF(AND(O29="EU",P29>6000),1, IF(AND(O29="US",P29>7000),1,0))) -> 0 | S29: =IF(OR(N29>=70,ISNUMBER(SEARCH("chargeback",M29))),1,0) -> 0
A30: T029 | B30: 46085 | C30: delta travels | D30: 2500 | E30: USD | F30: chargeback | G30: score:58 | H30: US | I30: U009 | J30: Wallet | K30: =TRIM(PROPER(SUBSTITUTE(SUBSTITUTE(C30," "," ")," "," "))) -> Delta Travels | L30: =TEXT(B30,"YYYY-MM-DD") -> 2026-03-04 | M30: =IF(OR(ISNUMBER(SEARCH("failed",F30)),ISNUMBER(SEARCH("timeout",F30))),"failed_timeout", IF(ISNUMBER(SEARCH("chargeback",F30)),"chargeback", IF(ISNUMBER(SEARCH("captured",F30)),"captured","unknown"))) -> chargeback | N30: {=IFERROR(VALUE(TRIM(MID(G30,MIN(IFERROR(FIND({0,1,2,3,4,5,6,7,8,9},G30),999)),LEN(G30)))),"")} -> 58 | O30: =IF(H30="","",UPPER(TRIM(H30))) -> US | P30: =IFERROR(ROUND(D30/VLOOKUP(E30,Exchange_Rates!$A:$B,2,0),2),"") -> 2500 | Q30: =IFERROR(VLOOKUP(K30,Merchant_Master!$A:$D,2,0),"Unknown") -> Unknown | R30: =IF(AND(O30="APAC",P30>5000),1, IF(AND(O30="EU",P30>6000),1, IF(AND(O30="US",P30>7000),1,0))) -> 0 | S30: =IF(OR(N30>=70,ISNUMBER(SEARCH("chargeback",M30))),1,0) -> 1
A31: T030 | B31: 46087 | C31: DELTA TRAVELS | D31: 1800 | E31: USD | F31: Failed E05 Timeout | G31: score:47 | H31: US | I31: U010 | J31: UPI | K31: =TRIM(PROPER(SUBSTITUTE(SUBSTITUTE(C31," "," ")," "," "))) -> Delta Travels | L31: =TEXT(B31,"YYYY-MM-DD") -> 2026-03-06 | M31: =IF(OR(ISNUMBER(SEARCH("failed",F31)),ISNUMBER(SEARCH("timeout",F31))),"failed_timeout", IF(ISNUMBER(SEARCH("chargeback",F31)),"chargeback", IF(ISNUMBER(SEARCH("captured",F31)),"captured","unknown"))) -> failed_timeout | N31: {=IFERROR(VALUE(TRIM(MID(G31,MIN(IFERROR(FIND({0,1,2,3,4,5,6,7,8,9},G31),999)),LEN(G31)))),"")} -> 47 | O31: =IF(H31="","",UPPER(TRIM(H31))) -> US | P31: =IFERROR(ROUND(D31/VLOOKUP(E31,Exchange_Rates!$A:$B,2,0),2),"") -> 1800 | Q31: =IFERROR(VLOOKUP(K31,Merchant_Master!$A:$D,2,0),"Unknown") -> Unknown | R31: =IF(AND(O31="APAC",P31>5000),1, IF(AND(O31="EU",P31>6000),1, IF(AND(O31="US",P31>7000),1,0))) -> 0 | S31: =IF(OR(N31>=70,ISNUMBER(SEARCH("chargeback",M31))),1,0) -> 0

Sheet Exchange_Rates
A1: currency | B1: usd_rate
A2: INR | B2: 0.0119
A3: EUR | B3: 1.08
A4: USD | B4: 1
A5: INR | B5: 0.012
A6: EUR | B6: 1.09
A7: USD | B7: 1
A8: INR | B8: 0.0121
A9: EUR | B9: 1.08
A10: USD | B10: 1
A11: INR | B11: 0.012
A12: EUR | B12: 1.07
A13: USD | B13: 1
... A19: USD | B19: 1

Sheet Merchant_Master
A1: merchant_id | B1: merchant_name | C1: account_manager | D1: merchant_category | E1: default_region
A2: M001 | B2: Alpha Mart | C2: Aisha Khan | D2: Grocery | E2: APAC
A3: M002 | B3: Beta Stores | C3: Rohan Mehta | D3: Electronics | E3: APAC
A4: M003 | B4: City Pharma | C4: Elena Rossi | D4: Healthcare | E4: EU
A5: M004 | B5: Delta Travels | C5: Marcus Lee | D5: Travel | E5: US
A6: M005 | B6: Eco Home | C6: Nina Weber | D6: Home | E6: EU

Sheet Raw_Data
A1: transaction_id | B1: transaction_date | C1: merchant_name | D1: raw_amount | E1: currency | F1: status | G1: risk_score | H1: gateway_region | I1: user_id | J1: payment_method
A2: T001 | B2: 46082 | C2: alpha mart | D2: 420000 | E2: INR | F2: captured | G2: score:62 | H2: APAC | I2: U001 | J2: UPI
A3: T002 | B3: 46082 | C3: ALPHA MART | D3: 210000 | E3: INR | F3: Captured | G3: 55 | I3: U002 | J3: Card
A4: T003 | B4: 46082 | C4: BETA STORES | D4: 510000 | E4: INR | F4: CAPTURED | G4: 71 | H4: APAC | I4: U003 | J4: NetBanking
A5: T004 | B5: 46083 | C5: Beta Stores | D5: 160000 | E5: INR | F5: failed e05 timeout | G5: 68 | H5: apac | I5: U004 | J5: Card
A6: T005 | B6: 46083 | C6: Alpha Mart | D6: 390000 | E6: INR | F6: CAPTURED | G6: 58 | I6: U001 | J6: UPI
A7: T006 | B7: 46083 | C7: Beta Stores | D7: 275000 | E7: INR | F7: Captured | G7: score:64 | I7: U005 | J7: Wallet
A8: T007 | B8: 46083 | C8: Alpha Mart | D8: 450000 | E8: INR | F8: chargeback | G8: risk-83 | H8: APAC | I8: U006 | J8: Card
A9: T008 | B9: 46084 | C9: BETA STORES | D9: 340000 | E9: INR | F9: Captured | G9: 59 | I9: U007 | J9: UPI
A10: T009 | B10: 46084 | C10: Alpha Mart | D10: 125000 | E10: INR | F10: captured | G10: 46 | H10: APAC | I10: U002 | J10: Wallet
A11: T010 | B11: 46084 | C11: Beta Stores | D11: 610000 | E11: INR | F11: captured | G11: risk-77 | I11: U003 | J11: Card
A12: T011 | B12: 46084 | C12: Alpha Mart | D12: 195000 | E12: INR | F12: FAILED e05 TIMEOUT | I12: U008 | J12: UPI
A13: T012 | B13: 46085 | C13: Beta Stores | D13: 250000 | E13: INR | F13: captured | G13: risk-61 | H13: APAC | I13: U009 | J13: Card
A14: T013 | B14: 46085 | C14: alpha mart | D14: 310000 | E14: INR | F14: captured | G14: score:54 | H14: APAC | I14: U010 | J14: UPI
A15: T014 | B15: 46085 | C15: Beta Stores | D15: 470000 | E15: INR | F15: captured | G15: risk-73 | H15: APAC | I15: U001 | J15: NetBanking
A16: T015 | B16: 46085 | C16: Alpha Mart | D16: 130000 | E16: INR | F16: captured | G16: score:52 | I16: U002 | J16: Card
A17: T016 | B17: 46086 | C17: Beta Stores | D17: 220000 | E17: INR | F17: failed E05 timeout | G17: risk-69 | I17: U008 | J17: Card
A18: T017 | B18: 46086 | C18: Beta Stores | D18: 180000 | E18: INR | F18: Failed E05 Timeout | G18: score:72 | H18: apac | I18: U008 | J18: Card
A19: T018 | B19: 46086 | C19: BETA STORES | D19: 145000 | E19: INR | F19: chargeback | G19: risk-86 | H19: APAC | I19: U008 | J19: UPI
A20: T019 | B20: 46086 | C20: Alpha Mart | D20: 260000 | E20: INR | F20: Failed E05 Timeout | G20: score:67 | H20: apac | I20: U008 | J20: Wallet
A21: T020 | B21: 46086 | C21: Alpha Mart | D21: 520000 | E21: INR | F21: Captured | G21: 75 | H21: APAC | I21: U005 | J21: UPI
A22: T021 | B22: 46087 | C22: beta stores | D22: 330000 | E22: INR | F22: captured | G22: score:63 | I22: U006 | J22: Card
A23: T022 | B23: 46087 | C23: ALPHA MART | D23: 410000 | E23: INR | F23: captured | G23: 60 | H23: APAC | I23: U007 | J23: UPI
A24: T023 | B24: 46082 | C24: City Pharma | D24: 5200 | E24: EUR | F24: Captured | G24: 42 | H24: EU | I24: U003 | J24: Card
A25: T024 | B25: 46083 | C25: Eco Home | D25: 6100 | E25: EUR | F25: chargeback | G25: score:65 | H25: EU | I25: U004 | J25: Card
A26: T025 | B26: 46084 | C26: City Pharma | D26: 2800 | E26: EUR | F26: captured | G26: 38 | H26: eu | I26: U005 | J26: Wallet
A27: T026 | B27: 46086 | C27: Eco Home | D27: 3300 | E27: EUR | F27: Failed E05 Timeout | G27: 44 | H27: EU | I27: U006 | J27: NetBanking
A28: T027 | B28: 46082 | C28: DELTA TRAVELS | D28: 7200 | E28: USD | F28: captured | G28: 49 | H28: us | I28: U007 | J28: Card
A29: T028 | B29: 46083 | C29: Delta Travels | D29: 3100 | E29: USD | F29: CAPTURED | G29: risk-41 | H29: US | I29: U008 | J29: Card
A30: T029 | B30: 46085 | C30: delta travels | D30: 2500 | E30: USD | F30: chargeback | G30: score:58 | H30: US | I30: U009 | J30: Wallet
A31: T030 | B31: 46087 | C31: DELTA TRAVELS | D31: 1800 | E31: USD | F31: Failed E05 Timeout | G31: score:47 | H31: US | I31: U010 | J31: UPI
